<configuration scan="false">

    <appender name="STDOUT" class="ch.qos.logback.core.ConsoleAppender">
        <encoder charset="UTF-8">
            <pattern>%d{MM-dd HH:mm:ss} [%-5level] %class{0}:%line - %msg%n</pattern>
        </encoder>
    </appender>

    <appender name="FILE" class="ch.qos.logback.core.FileAppender">
        <file>logs/${profileName}.log</file>
        <encoder charset="UTF-8">
            <pattern>%d{MM-dd HH:mm:ss} [%-5level] %class{0}:%line - %msg%n</pattern>
        </encoder>
    </appender>

    <appender name="ASYNC" class="ch.qos.logback.classic.AsyncAppender">
        <appender-ref ref="FILE"/>
    </appender>

    <root level="info">
        <appender-ref ref="STDOUT"/>
        <appender-ref ref="ASYNC"/>
    </root>

    <logger name="com.biz.lesson" level="debug" additivity="false">
        <appender-ref ref="STDOUT"/>
    </logger>
    
    
    <logger name="com.biz.lesson.common.spring" level="INFO" additivity="false">
        <appender-ref ref="STDOUT"/>
    </logger>

	<logger name="org.springframework" level="info" additivity="false">
		<appender-ref ref="STDOUT" />
	</logger>

	<logger name="org.hibernate.tool.hbm2ddl" level="debug" additivity="false">
		<appender-ref ref="STDOUT" />
	</logger>

	<logger name="com.biz.lesson.web.interceptor" level="ERROR" additivity="false">
		<appender-ref ref="STDOUT" />
	</logger>


</configuration>
