<?xml version="1.0" encoding="UTF-8"?>
<beans xmlns="http://www.springframework.org/schema/beans"
       xmlns:xsi="http://www.w3.org/2001/XMLSchema-instance"
       xmlns:context="http://www.springframework.org/schema/context"
       xmlns:mvc="http://www.springframework.org/schema/mvc"
       xmlns:security="http://www.springframework.org/schema/security"
       xsi:schemaLocation="http://www.springframework.org/schema/beans
	http://www.springframework.org/schema/beans/spring-beans.xsd
	http://www.springframework.org/schema/context
    http://www.springframework.org/schema/context/spring-context.xsd


	http://www.springframework.org/schema/mvc
	http://www.springframework.org/schema/mvc/spring-mvc.xsd
	http://www.springframework.org/schema/security
	http://www.springframework.org/schema/security/spring-security.xsd">

    <context:component-scan base-package="com.biz.lesson.web.controller"/>

     
    <context:annotation-config/>
    <!-- 因为 controller 是在此文件中注册,所以需要这里也写 -->
    <security:global-method-security pre-post-annotations="enabled" secured-annotations="enabled" jsr250-annotations="enabled"/>
    <mvc:annotation-driven conversion-service="conversionService"/>


	<bean id="conversionService" class="org.springframework.format.support.FormattingConversionServiceFactoryBean">
		<property name="converters">
			<list>
				<bean class="com.biz.lesson.support.spring.DateConverter" />
			</list>
		</property>
	</bean>

    <bean id="multipartResolver" class="org.springframework.web.multipart.commons.CommonsMultipartResolver"/>

    <bean class="org.springframework.web.servlet.view.InternalResourceViewResolver">
        <property name="prefix" value="/WEB-INF/views/"/>
        <property name="suffix" value=".jsp"/>
    </bean>

    <bean id="localeResolver"
          class="com.biz.lesson.web.resolver.LessonCookieLocaleResolver">
        <!--<property name="defaultLocale" value="en" />-->
    </bean>

    <mvc:interceptors>
        <mvc:interceptor>
            <mvc:mapping path="/**"/>
            <bean id="localeChangeInterceptor"
                  class="org.springframework.web.servlet.i18n.LocaleChangeInterceptor">
                <property name="paramName" value="userLanguage"/>
            </bean>
        </mvc:interceptor>
        <mvc:interceptor>
            <mvc:mapping path="/**"/>
            <bean class="com.biz.lesson.web.interceptor.AccessLogInterceptor">
                <!-- 不需要记录log的正则表达式 -->
                <property name="excludedUri" value="/login.do"/>
                <property name="enabled" value="true"/>
            </bean>
        </mvc:interceptor>
        <mvc:interceptor>
            <mvc:mapping path="/**"/>
            <mvc:exclude-mapping path="/password/*"/>
            <mvc:exclude-mapping path="/userInfo/*"/>
            <mvc:exclude-mapping path="/logout.do"/>
            <mvc:exclude-mapping path="/login.do"/>
            <bean id="urlRouteInterceptor"
                  class="com.biz.lesson.web.interceptor.URLRouterInterceptor">
            </bean>
        </mvc:interceptor>
    </mvc:interceptors>

</beans>
