<?xml version="1.0" encoding="UTF-8"?>
<beans:beans xmlns="http://www.springframework.org/schema/security"
             xmlns:beans="http://www.springframework.org/schema/beans"
             xmlns:xsi="http://www.w3.org/2001/XMLSchema-instance"
             xsi:schemaLocation="http://www.springframework.org/schema/beans
    http://www.springframework.org/schema/beans/spring-beans.xsd
    http://www.springframework.org/schema/security 
    http://www.springframework.org/schema/security/spring-security.xsd">

    <global-method-security pre-post-annotations="enabled" secured-annotations="enabled" jsr250-annotations="enabled"/>


    <http use-expressions="true" access-denied-page="/WEB-INF/views/manage/accessDenied.jsp">
        <intercept-url pattern="/favicon.ico" access="permitAll" />
        <intercept-url pattern="/manifest*" access="permitAll" />
        <intercept-url pattern="/login.do" access="permitAll"/>
        <intercept-url pattern="/msg.do" access="permitAll"/>
        <intercept-url pattern="/static-resources/**" access="permitAll"/>
        <intercept-url pattern="/captcha.do" access="permitAll"/>
        <intercept-url pattern="/captcha/validate.do" access="permitAll"/>
        <intercept-url pattern="/email/**" access="permitAll"/>
        <intercept-url pattern="/doc/**" access="permitAll"/>
        <intercept-url pattern="/single/**" access="permitAll"/>
        <intercept-url pattern="/service/**" access="permitAll"/>
        <intercept-url pattern="/oss/**" access="permitAll"/>
        <intercept-url pattern="/**" access="isAuthenticated()"/>
        <form-login
                login-processing-url="/login/check.do"
                always-use-default-target="false"
                login-page="/login.do"
                authentication-failure-url="/login.do?error=1"
                />

        <logout logout-url="/logout.do"
                invalidate-session="true"
                />
                <!-- success-handler-ref="manageLogoutSuccessHandler" -->
        <anonymous enabled="true"/>

        <session-management session-authentication-strategy-ref="concurrentSessionControlStrategy"/>
        <!-- 
        <custom-filter ref="loginBeforeFilter" before="FORM_LOGIN_FILTER"/>
         -->
    </http>



    <authentication-manager alias="authenticationManager">
        <authentication-provider user-service-ref="userDetailsManager">
            <password-encoder ref="passwordEncoder">
                <!-- 用户名做为盐值 -->
                <salt-source user-property="username"/>
            </password-encoder>
        </authentication-provider>
    </authentication-manager>


<!-- 
    <beans:bean id="manageLoginSuccessHandler"  class="com.biz.lesson.web.security.ManageLoginSuccessHandler">
        <beans:property name="defaultTargetUrl" value="/welcome.do"/>
        <beans:property name="alwaysUseDefaultTargetUrl" value="false"/>
    </beans:bean>

    <beans:bean id="manageLoginFailureHandler"  class="com.biz.lesson.web.security.ManageLoginFailureHandler">
        <beans:property name="defaultFailureUrl" value="/login.do"/>
    </beans:bean>

    <beans:bean id="manageLogoutSuccessHandler" class="com.biz.lesson.web.security.ManageLogoutSuccessHandler">
        <beans:property name="defaultTargetUrl" value="/login.do"/>
        <beans:property name="alwaysUseDefaultTargetUrl" value="true"/>
    </beans:bean>

 -->


	<beans:bean id="concurrentSessionControlStrategy" class="org.springframework.security.web.authentication.session.ConcurrentSessionControlStrategy">
	    <beans:constructor-arg name="sessionRegistry" ref="sessionRegistry" />
	    <beans:property name="maximumSessions" value="1"/>
	    <!-- 
        <beans:property name="exceptionIfMaximumExceeded" value="true"/>
         -->
	</beans:bean>
	<beans:bean id="sessionRegistry" class="org.springframework.security.core.session.SessionRegistryImpl" />
	                              
</beans:beans>
